Age,Gender,Class,Survived
0-9,Female,2nd,Yes
0-9,Male,2nd,Yes
0-9,Female,3rd,Yes
0-9,Male,2nd,Yes
0-9,Male,3rd,Yes
0-9,Male,3rd,No
0-9,Male,2nd,Yes
0-9,Female,3rd,Yes
0-9,Female,3rd,No
0-9,Male,3rd,No
0-9,Female,3rd,Yes
0-9,Female,3rd,Yes
0-9,Female,3rd,Yes
0-9,Male,3rd,No
0-9,Female,1st,No
0-9,Female,3rd,No
0-9,Female,3rd,Yes
0-9,Male,2nd,Yes
0-9,Male,3rd,No
0-9,Male,3rd,No
0-9,Female,2nd,Yes
0-9,Female,3rd,No
0-9,Female,3rd,No
0-9,Female,3rd,No
0-9,Male,2nd,Yes
0-9,Female,3rd,Yes
0-9,Female,2nd,Yes
0-9,Male,3rd,Yes
0-9,Male,3rd,Yes
0-9,Female,3rd,No
0-9,Male,2nd,Yes
0-9,Female,3rd,No
0-9,Male,2nd,Yes
0-9,Male,3rd,Yes
0-9,Male,3rd,Yes
0-9,Male,3rd,No
0-9,Male,3rd,No
0-9,Female,2nd,Yes
0-9,Male,1st,Yes
0-9,Male,3rd,Yes
0-9,Female,3rd,Yes
0-9,Female,3rd,No
0-9,Female,3rd,Yes
0-9,Female,2nd,Yes
0-9,Female,2nd,Yes
0-9,Female,3rd,Yes
0-9,Female,3rd,Yes
0-9,Male,3rd,No
0-9,Female,3rd,Yes
0-9,Male,3rd,No
0-9,Male,3rd,No
0-9,Male,3rd,No
0-9,Male,1st,Yes
0-9,Male,3rd,No
0-9,Female,3rd,No
0-9,Female,3rd,Yes
0-9,Female,2nd,Yes
0-9,Male,3rd,No
0-9,Male,3rd,No
0-9,Male,3rd,Yes
0-9,Female,3rd,No
0-9,Female,2nd,Yes
0-9,Female,3rd,No
0-9,Male,3rd,Yes
0-9,Male,3rd,No
0-9,Female,3rd,No
0-9,Male,3rd,Yes
0-9,Male,3rd,No
0-9,Female,2nd,Yes
0-9,Male,2nd,Yes
0-9,Male,2nd,Yes
0-9,Male,3rd,No
0-9,Female,3rd,No
0-9,Female,3rd,No
0-9,Female,2nd,Yes
0-9,Female,3rd,Yes
0-9,Female,3rd,No
0-9,Male,3rd,No
0-9,Male,3rd,Yes
0-9,Male,3rd,Yes
0-9,Male,3rd,Yes
0-9,Female,3rd,No
0-9,Male,3rd,No
10-19,Female,3rd,No
10-19,Male,3rd,No
10-19,Male,3rd,No
10-19,Male,3rd,No
10-19,Female,3rd,No
10-19,Male,3rd,No
10-19,Female,3rd,No
10-19,Male,3rd,No
10-19,Male,3rd,Yes
10-19,Female,3rd,No
10-19,Male,1st,Yes
10-19,Male,3rd,No
10-19,Female,2nd,Yes
10-19,Female,3rd,No
10-19,Female,3rd,No
10-19,Male,3rd,No
10-19,Female,2nd,Yes
10-19,Male,1st,Yes
10-19,Male,3rd,No
10-19,Male,3rd,No
10-19,Male,3rd,No
10-19,Female,2nd,Yes
10-19,Female,3rd,Yes
10-19,Female,1st,Yes
10-19,Male,3rd,No
10-19,Male,3rd,No
10-19,Female,3rd,No
10-19,Male,3rd,Yes
10-19,Male,2nd,No
10-19,Female,3rd,No
10-19,Male,Crew,No
10-19,Male,Crew,No
10-19,Female,3rd,Yes
10-19,Male,3rd,No
10-19,Female,3rd,Yes
10-19,Female,3rd,No
10-19,Male,3rd,No
10-19,Female,2nd,Yes
10-19,Male,3rd,No
10-19,Male,3rd,No
10-19,Female,3rd,No
10-19,Female,1st,Yes
10-19,Male,3rd,No
10-19,Male,3rd,No
10-19,Male,3rd,No
10-19,Female,3rd,Yes
10-19,Female,3rd,Yes
10-19,Male,3rd,No
10-19,Female,3rd,Yes
10-19,Male,3rd,No
10-19,Female,3rd,Yes
10-19,Female,3rd,Yes
10-19,Female,3rd,Yes
10-19,Male,3rd,No
10-19,Male,3rd,No
10-19,Female,3rd,No
10-19,Female,3rd,Yes
10-19,Male,3rd,No
10-19,Female,1st,Yes
10-19,Male,2nd,No
10-19,Male,3rd,No
10-19,Male,3rd,No
10-19,Male,3rd,No
10-19,Male,Crew,No
10-19,Male,Crew,No
10-19,Female,1st,Yes
10-19,Female,2nd,Yes
10-19,Male,3rd,No
10-19,Female,2nd,Yes
10-19,Male,3rd,No
10-19,Male,1st,Yes
10-19,Female,3rd,Yes
10-19,Female,3rd,Yes
10-19,Female,3rd,No
10-19,Female,3rd,Yes
10-19,Male,3rd,No
10-19,Male,2nd,No
10-19,Male,3rd,No
10-19,Male,3rd,No
10-19,Male,1st,No
10-19,Male,3rd,No
10-19,Male,3rd,No
10-19,Male,2nd,No
10-19,Female,1st,Yes
10-19,Male,3rd,No
10-19,Female,2nd,Yes
10-19,Female,3rd,No
10-19,Male,3rd,No
10-19,Male,2nd,No
10-19,Male,3rd,No
10-19,Male,3rd,No
10-19,Male,3rd,No
10-19,Female,2nd,Yes
10-19,Male,3rd,No
10-19,Male,3rd,No
10-19,Male,Crew,No
10-19,Male,Crew,Yes
10-19,Male,Crew,No
10-19,Male,Crew,No
10-19,Male,Crew,No
10-19,Male,Crew,No
10-19,Male,Crew,No
10-19,Male,Crew,Yes
10-19,Male,Crew,No
10-19,Male,Crew,No
10-19,Male,Crew,No
10-19,Male,Crew,No
10-19,Male,Crew,No
10-19,Male,Crew,No
10-19,Male,Crew,No
10-19,Male,Crew,No
10-19,Male,Crew,No
10-19,Male,Crew,No
10-19,Male,2nd,No
10-19,Male,Crew,No
10-19,Male,Crew,No
10-19,Male,Crew,No
10-19,Female,1st,Yes
10-19,Female,3rd,No
10-19,Female,3rd,No
10-19,Male,3rd,No
10-19,Female,3rd,No
10-19,Female,3rd,Yes
10-19,Female,1st,Yes
10-19,Female,1st,Yes
10-19,Female,3rd,Yes
10-19,Female,3rd,No
10-19,Female,3rd,Yes
10-19,Male,3rd,No
10-19,Female,3rd,Yes
10-19,Female,3rd,No
10-19,Female,3rd,Yes
10-19,Male,2nd,No
10-19,Male,3rd,No
10-19,Female,2nd,Yes
10-19,Male,3rd,No
10-19,Male,2nd,No
10-19,Female,2nd,Yes
10-19,Male,3rd,Yes
10-19,Male,3rd,No
10-19,Male,2nd,No
10-19,Male,2nd,No
10-19,Male,3rd,No
10-19,Male,3rd,No
10-19,Male,2nd,No
10-19,Female,2nd,No
10-19,Male,3rd,No
10-19,Male,3rd,No
10-19,Male,1st,No
10-19,Female,1st,Yes
10-19,Male,3rd,No
10-19,Female,3rd,Yes
10-19,Male,3rd,No
10-19,Female,3rd,No
10-19,Male,3rd,No
10-19,Male,2nd,No
10-19,Male,3rd,No
10-19,Male,3rd,No
10-19,Female,3rd,Yes
10-19,Female,1st,Yes
10-19,Female,3rd,Yes
10-19,Female,3rd,No
10-19,Male,3rd,No
10-19,Male,Crew,Yes
10-19,Male,Crew,Yes
10-19,Male,Crew,Yes
10-19,Male,Crew,No
10-19,Male,Crew,No
10-19,Male,Crew,No
10-19,Male,Crew,No
10-19,Male,Crew,No
10-19,Male,Crew,Yes
10-19,Male,3rd,No
10-19,Male,3rd,No
10-19,Female,1st,Yes
10-19,Female,3rd,No
10-19,Male,3rd,No
10-19,Female,3rd,Yes
10-19,Male,3rd,No
10-19,Male,3rd,No
10-19,Male,3rd,Yes
10-19,Male,3rd,No
10-19,Male,3rd,No
10-19,Male,3rd,Yes
10-19,Male,3rd,No
10-19,Female,3rd,Yes
10-19,Female,2nd,Yes
10-19,Male,2nd,No
10-19,Male,3rd,Yes
10-19,Male,3rd,No
10-19,Male,3rd,No
10-19,Male,2nd,No
10-19,Male,1st,No
10-19,Male,2nd,No
10-19,Female,1st,Yes
10-19,Male,3rd,No
10-19,Male,3rd,No
10-19,Male,3rd,No
10-19,Male,3rd,No
10-19,Male,3rd,No
10-19,Male,3rd,No
10-19,Male,3rd,No
10-19,Female,3rd,No
10-19,Male,2nd,Yes
10-19,Male,3rd,No
10-19,Female,1st,Yes
10-19,Male,2nd,No
10-19,Female,3rd,No
10-19,Male,2nd,No
10-19,Male,3rd,No
10-19,Female,2nd,Yes
10-19,Male,3rd,No
10-19,Male,3rd,No
10-19,Male,3rd,No
10-19,Male,3rd,No
10-19,Male,3rd,No
10-19,Male,2nd,No
10-19,Male,Crew,Yes
10-19,Male,Crew,No
10-19,Male,Crew,No
10-19,Male,Crew,No
10-19,Male,Crew,No
10-19,Male,Crew,No
10-19,Male,Crew,No
10-19,Male,Crew,No
10-19,Male,Crew,Yes
10-19,Male,Crew,No
10-19,Male,Crew,No
10-19,Male,Crew,No
10-19,Male,Crew,No
10-19,Male,Crew,No
10-19,Male,Crew,No
10-19,Male,Crew,Yes
10-19,Male,Crew,No
10-19,Male,Crew,No
10-19,Male,Crew,No
10-19,Male,Crew,No
10-19,Male,Crew,No
10-19,Male,Crew,No
10-19,Male,Crew,No
20-29,Male,2nd,No
20-29,Male,Crew,No
20-29,Male,Crew,No
20-29,Female,3rd,No
20-29,Male,3rd,Yes
20-29,Male,3rd,Yes
20-29,Male,3rd,No
20-29,Male,3rd,No
20-29,Male,3rd,No
20-29,Male,1st,Yes
20-29,Male,3rd,No
20-29,Male,3rd,No
20-29,Female,3rd,Yes
20-29,Male,3rd,No
20-29,Female,3rd,No
20-29,Female,3rd,Yes
20-29,Male,3rd,No
20-29,Female,3rd,No
20-29,Male,3rd,No
20-29,Female,3rd,Yes
20-29,Male,3rd,No
20-29,Female,3rd,Yes
20-29,Male,3rd,No
20-29,Male,3rd,No
20-29,Male,3rd,No
20-29,Male,3rd,No
20-29,Female,3rd,No
20-29,Male,2nd,No
20-29,Female,2nd,Yes
20-29,Male,3rd,No
20-29,Male,3rd,No
20-29,Female,3rd,No
20-29,Male,2nd,No
20-29,Male,3rd,No
20-29,Female,2nd,Yes
20-29,Male,3rd,No
20-29,Male,3rd,No
20-29,Female,3rd,No
20-29,Male,3rd,Yes
20-29,Male,3rd,No
20-29,Male,3rd,No
20-29,Female,1st,Yes
20-29,Male,3rd,No
20-29,Male,3rd,No
20-29,Female,3rd,No
20-29,Female,2nd,Yes
20-29,Male,3rd,No
20-29,Male,3rd,Yes
20-29,Male,3rd,No
20-29,Male,Crew,No
20-29,Male,Crew,Yes
20-29,Male,Crew,No
20-29,Male,Crew,No
20-29,Male,Crew,Yes
20-29,Male,Crew,Yes
20-29,Male,Crew,Yes
20-29,Male,Crew,No
20-29,Male,Crew,No
20-29,Male,Crew,No
20-29,Male,Crew,No
20-29,Male,Crew,No
20-29,Male,Crew,No
20-29,Male,Crew,No
20-29,Female,Crew,Yes
20-29,Male,Crew,No
20-29,Male,Crew,No
20-29,Male,Crew,No
20-29,Male,Crew,No
20-29,Male,Crew,No
20-29,Male,Crew,No
20-29,Male,Crew,No
20-29,Male,Crew,Yes
20-29,Male,Crew,Yes
20-29,Male,Crew,No
20-29,Male,Crew,No
20-29,Male,Crew,Yes
20-29,Male,Crew,No
20-29,Male,Crew,No
20-29,Male,Crew,No
20-29,Male,Crew,No
20-29,Male,2nd,No
20-29,Male,2nd,No
20-29,Male,Crew,No
20-29,Male,3rd,No
20-29,Male,3rd,No
20-29,Female,1st,Yes
20-29,Female,1st,Yes
20-29,Male,3rd,No
20-29,Female,1st,Yes
20-29,Male,1st,Yes
20-29,Male,3rd,Yes
20-29,Male,3rd,No
20-29,Female,3rd,No
20-29,Male,3rd,No
20-29,Male,3rd,No
20-29,Female,3rd,Yes
20-29,Female,3rd,Yes
20-29,Female,3rd,No
20-29,Male,3rd,Yes
20-29,Female,3rd,No
20-29,Female,3rd,Yes
20-29,Female,3rd,Yes
20-29,Male,3rd,No
20-29,Female,3rd,No
20-29,Male,2nd,No
20-29,Male,2nd,No
20-29,Male,3rd,No
20-29,Female,3rd,No
20-29,Male,2nd,No
20-29,Male,2nd,No
20-29,Male,2nd,No
20-29,Male,3rd,Yes
20-29,Male,3rd,No
20-29,Male,2nd,No
20-29,Female,3rd,No
20-29,Male,3rd,No
20-29,Male,3rd,Yes
20-29,Male,3rd,Yes
20-29,Male,3rd,No
20-29,Male,3rd,No
20-29,Male,3rd,No
20-29,Male,3rd,No
20-29,Male,3rd,No
20-29,Female,2nd,Yes
20-29,Male,3rd,No
20-29,Female,3rd,Yes
20-29,Male,3rd,Yes
20-29,Male,3rd,No
20-29,Male,3rd,No
20-29,Male,3rd,No
20-29,Male,1st,No
20-29,Female,1st,Yes
20-29,Male,3rd,No
20-29,Male,3rd,No
20-29,Male,Crew,No
20-29,Male,Crew,No
20-29,Male,Crew,No
20-29,Male,Crew,No
20-29,Male,Crew,No
20-29,Male,Crew,No
20-29,Male,Crew,Yes
20-29,Male,Crew,Yes
20-29,Male,Crew,Yes
20-29,Male,Crew,Yes
20-29,Male,Crew,No
20-29,Male,Crew,Yes
20-29,Male,Crew,Yes
20-29,Male,Crew,No
20-29,Male,Crew,No
20-29,Male,Crew,No
20-29,Male,Crew,No
20-29,Male,Crew,Yes
20-29,Male,Crew,No
20-29,Male,Crew,No
20-29,Male,Crew,No
20-29,Male,Crew,Yes
20-29,Male,Crew,No
20-29,Male,Crew,No
20-29,Male,Crew,Yes
20-29,Male,Crew,No
20-29,Male,Crew,No
20-29,Male,Crew,No
20-29,Male,3rd,No
20-29,Female,1st,Yes
20-29,Female,1st,Yes
20-29,Female,2nd,Yes
20-29,Female,3rd,Yes
20-29,Female,1st,Yes
20-29,Male,3rd,No
20-29,Male,3rd,Yes
20-29,Male,3rd,No
20-29,Female,3rd,Yes
20-29,Female,3rd,No
20-29,Male,3rd,No
20-29,Female,3rd,No
20-29,Female,3rd,No
20-29,Male,3rd,No
20-29,Female,3rd,Yes
20-29,Male,3rd,No
20-29,Male,3rd,No
20-29,Male,3rd,No
20-29,Female,3rd,Yes
20-29,Male,2nd,No
20-29,Male,3rd,No
20-29,Female,2nd,Yes
20-29,Male,3rd,No
20-29,Female,1st,Yes
20-29,Male,3rd,No
20-29,Male,3rd,No
20-29,Female,1st,Yes
20-29,Female,2nd,Yes
20-29,Female,3rd,No
20-29,Male,3rd,No
20-29,Male,3rd,No
20-29,Male,3rd,No
20-29,Female,3rd,Yes
20-29,Male,3rd,No
20-29,Female,3rd,Yes
20-29,Female,3rd,Yes
20-29,Male,3rd,No
20-29,Male,3rd,No
20-29,Female,2nd,No
20-29,Female,3rd,Yes
20-29,Male,3rd,No
20-29,Male,3rd,No
20-29,Male,3rd,No
20-29,Male,3rd,No
20-29,Female,3rd,Yes
20-29,Female,3rd,Yes
20-29,Female,1st,Yes
20-29,Male,2nd,Yes
20-29,Female,1st,Yes
20-29,Female,3rd,No
20-29,Male,3rd,No
20-29,Female,2nd,Yes
20-29,Male,2nd,No
20-29,Male,3rd,No
20-29,Male,3rd,No
20-29,Female,3rd,No
20-29,Male,3rd,No
20-29,Male,2nd,No
20-29,Female,2nd,No
20-29,Male,Crew,No
20-29,Male,Crew,No
20-29,Male,Crew,No
20-29,Male,Crew,Yes
20-29,Male,Crew,Yes
20-29,Male,Crew,Yes
20-29,Male,Crew,Yes
20-29,Male,Crew,No
20-29,Male,Crew,No
20-29,Male,Crew,No
20-29,Male,Crew,No
20-29,Male,Crew,Yes
20-29,Male,Crew,No
20-29,Male,Crew,No
20-29,Male,Crew,Yes
20-29,Male,Crew,No
20-29,Male,Crew,No
20-29,Male,Crew,No
20-29,Male,Crew,No
20-29,Male,Crew,No
20-29,Male,Crew,Yes
20-29,Male,Crew,No
20-29,Male,Crew,Yes
20-29,Male,Crew,No
20-29,Male,Crew,No
20-29,Male,Crew,No
20-29,Male,Crew,No
20-29,Male,Crew,No
20-29,Female,Crew,No
20-29,Male,Crew,No
20-29,Male,Crew,Yes
20-29,Male,Crew,No
20-29,Male,Crew,Yes
20-29,Male,Crew,No
20-29,Female,3rd,Yes
20-29,Female,1st,Yes
20-29,Male,1st,No
20-29,Male,1st,Yes
20-29,Female,2nd,Yes
20-29,Female,1st,Yes
20-29,Male,2nd,No
20-29,Male,3rd,No
20-29,Female,3rd,Yes
20-29,Female,3rd,No
20-29,Female,3rd,Yes
20-29,Male,3rd,No
20-29,Female,3rd,Yes
20-29,Male,3rd,No
20-29,Male,3rd,Yes
20-29,Male,3rd,No
20-29,Male,3rd,No
20-29,Male,3rd,No
20-29,Male,2nd,No
20-29,Male,3rd,No
20-29,Male,3rd,No
20-29,Female,1st,Yes
20-29,Male,3rd,No
20-29,Female,2nd,Yes
20-29,Female,3rd,No
20-29,Male,2nd,No
20-29,Female,3rd,No
20-29,Male,2nd,No
20-29,Male,3rd,No
20-29,Female,3rd,Yes
20-29,Male,3rd,No
20-29,Male,2nd,No
20-29,Male,3rd,No
20-29,Male,3rd,No
20-29,Male,3rd,No
20-29,Male,2nd,No
20-29,Male,1st,No
20-29,Male,3rd,No
20-29,Female,1st,Yes
20-29,Male,3rd,No
20-29,Male,3rd,No
20-29,Male,3rd,No
20-29,Male,2nd,No
20-29,Male,3rd,No
20-29,Male,2nd,Yes
20-29,Male,3rd,No
20-29,Male,Crew,No
20-29,Male,Crew,No
20-29,Male,Crew,No
20-29,Male,Crew,No
20-29,Male,Crew,No
20-29,Male,Crew,No
20-29,Male,Crew,No
20-29,Male,Crew,No
20-29,Male,Crew,No
20-29,Male,Crew,No
20-29,Male,Crew,No
20-29,Male,Crew,Yes
20-29,Male,Crew,Yes
20-29,Male,Crew,No
20-29,Male,Crew,No
20-29,Male,Crew,No
20-29,Male,Crew,No
20-29,Male,Crew,No
20-29,Male,Crew,Yes
20-29,Male,Crew,No
20-29,Male,Crew,No
20-29,Male,Crew,Yes
20-29,Male,Crew,No
20-29,Male,Crew,No
20-29,Male,Crew,No
20-29,Male,Crew,Yes
20-29,Male,Crew,No
20-29,Male,Crew,Yes
20-29,Male,Crew,No
20-29,Male,Crew,Yes
20-29,Male,Crew,No
20-29,Male,Crew,Yes
20-29,Male,Crew,No
20-29,Male,Crew,No
20-29,Female,1st,Yes
20-29,Male,1st,No
20-29,Male,1st,No
20-29,Female,2nd,Yes
20-29,Female,1st,Yes
20-29,Female,2nd,Yes
20-29,Female,1st,Yes
20-29,Male,1st,No
20-29,Female,1st,Yes
20-29,Male,1st,No
20-29,Male,3rd,No
20-29,Male,3rd,Yes
20-29,Female,3rd,Yes
20-29,Male,3rd,Yes
20-29,Male,3rd,Yes
20-29,Male,3rd,No
20-29,Male,3rd,No
20-29,Male,2nd,No
20-29,Male,3rd,No
20-29,Male,3rd,No
20-29,Male,3rd,No
20-29,Female,3rd,Yes
20-29,Male,3rd,Yes
20-29,Female,1st,Yes
20-29,Male,2nd,No
20-29,Male,2nd,No
20-29,Female,3rd,No
20-29,Female,3rd,Yes
20-29,Male,3rd,Yes
20-29,Female,2nd,Yes
20-29,Female,2nd,Yes
20-29,Male,2nd,No
20-29,Female,2nd,Yes
20-29,Male,2nd,No
20-29,Female,2nd,Yes
20-29,Male,3rd,No
20-29,Male,3rd,No
20-29,Male,3rd,Yes
20-29,Male,3rd,No
20-29,Male,3rd,No
20-29,Male,3rd,No
20-29,Male,3rd,No
20-29,Male,2nd,No
20-29,Female,2nd,Yes
20-29,Male,3rd,No
20-29,Female,3rd,Yes
20-29,Male,3rd,No
20-29,Female,2nd,Yes
20-29,Male,1st,Yes
20-29,Female,3rd,Yes
20-29,Male,2nd,No
20-29,Male,3rd,No
20-29,Male,3rd,No
20-29,Male,Crew,Yes
20-29,Male,Crew,No
20-29,Male,Crew,Yes
20-29,Male,Crew,No
20-29,Male,Crew,No
20-29,Male,Crew,No
20-29,Male,Crew,No
20-29,Male,Crew,No
20-29,Male,Crew,No
20-29,Male,Crew,No
20-29,Male,Crew,No
20-29,Female,Crew,Yes
20-29,Male,Crew,No
20-29,Male,Crew,No
20-29,Male,Crew,No
20-29,Male,Crew,No
20-29,Male,Crew,Yes
20-29,Male,Crew,Yes
20-29,Male,Crew,No
20-29,Male,Crew,No
20-29,Male,Crew,No
20-29,Male,Crew,Yes
20-29,Male,Crew,No
20-29,Male,Crew,No
20-29,Male,Crew,No
20-29,Male,Crew,Yes
20-29,Male,Crew,No
20-29,Male,Crew,No
20-29,Male,Crew,No
20-29,Male,Crew,No
20-29,Male,Crew,No
20-29,Male,Crew,No
20-29,Male,Crew,No
20-29,Male,Crew,No
20-29,Male,Crew,No
20-29,Male,3rd,Yes
20-29,Male,1st,Yes
20-29,Male,1st,Yes
20-29,Male,3rd,No
20-29,Male,3rd,Yes
20-29,Male,2nd,No
20-29,Male,2nd,No
20-29,Male,3rd,No
20-29,Female,1st,Yes
20-29,Female,3rd,Yes
20-29,Female,3rd,Yes
20-29,Female,3rd,Yes
20-29,Male,3rd,No
20-29,Male,3rd,Yes
20-29,Male,3rd,No
20-29,Female,1st,No
20-29,Male,3rd,No
20-29,Male,3rd,No
20-29,Male,2nd,No
20-29,Male,2nd,No
20-29,Male,2nd,No
20-29,Female,1st,Yes
20-29,Female,2nd,Yes
20-29,Male,2nd,Yes
20-29,Male,3rd,No
20-29,Male,3rd,No
20-29,Male,2nd,No
20-29,Male,2nd,No
20-29,Male,3rd,No
20-29,Female,3rd,No
20-29,Male,3rd,Yes
20-29,Male,2nd,No
20-29,Female,3rd,No
20-29,Male,3rd,No
20-29,Male,3rd,No
20-29,Male,3rd,Yes
20-29,Male,3rd,No
20-29,Male,2nd,No
20-29,Male,3rd,No
20-29,Male,3rd,Yes
20-29,Male,3rd,No
20-29,Male,Crew,No
20-29,Male,Crew,No
20-29,Male,Crew,No
20-29,Male,Crew,No
20-29,Male,Crew,No
20-29,Male,Crew,No
20-29,Male,Crew,Yes
20-29,Male,Crew,No
20-29,Male,Crew,No
20-29,Male,Crew,No
20-29,Male,Crew,No
20-29,Male,Crew,Yes
20-29,Male,Crew,No
20-29,Male,Crew,No
20-29,Male,Crew,Yes
20-29,Male,Crew,Yes
20-29,Male,Crew,Yes
20-29,Male,Crew,Yes
20-29,Male,Crew,No
20-29,Male,Crew,No
20-29,Male,Crew,No
20-29,Male,Crew,No
20-29,Male,Crew,No
20-29,Male,Crew,No
20-29,Male,Crew,Yes
20-29,Male,Crew,Yes
20-29,Male,Crew,No
20-29,Male,Crew,Yes
20-29,Male,Crew,No
20-29,Male,Crew,Yes
20-29,Male,Crew,No
20-29,Male,Crew,No
20-29,Male,Crew,No
20-29,Male,Crew,No
20-29,Male,Crew,No
20-29,Male,Crew,Yes
20-29,Male,Crew,No
20-29,Male,Crew,No
20-29,Male,Crew,No
20-29,Male,Crew,No
20-29,Male,1st,Yes
20-29,Male,3rd,No
20-29,Female,1st,Yes
20-29,Male,2nd,Yes
20-29,Male,3rd,No
20-29,Male,3rd,No
20-29,Female,3rd,Yes
20-29,Male,3rd,No
20-29,Female,3rd,Yes
20-29,Male,3rd,No
20-29,Male,3rd,No
20-29,Male,3rd,No
20-29,Male,3rd,No
20-29,Male,2nd,No
20-29,Male,3rd,No
20-29,Female,1st,Yes
20-29,Male,3rd,No
20-29,Male,3rd,No
20-29,Male,2nd,Yes
20-29,Male,3rd,No
20-29,Male,2nd,No
20-29,Female,3rd,Yes
20-29,Female,3rd,Yes
20-29,Male,3rd,No
20-29,Male,2nd,No
20-29,Female,3rd,Yes
20-29,Male,3rd,Yes
20-29,Female,3rd,No
20-29,Female,3rd,Yes
20-29,Male,3rd,No
20-29,Male,3rd,Yes
20-29,Female,2nd,No
20-29,Male,3rd,No
20-29,Male,2nd,No
20-29,Female,2nd,Yes
20-29,Male,Crew,No
20-29,Male,Crew,No
20-29,Male,Crew,No
20-29,Male,Crew,No
20-29,Male,Crew,No
20-29,Male,Crew,No
20-29,Male,Crew,Yes
20-29,Male,Crew,No
20-29,Male,Crew,Yes
20-29,Male,Crew,No
20-29,Male,Crew,No
20-29,Male,Crew,No
20-29,Male,Crew,No
20-29,Male,Crew,No
20-29,Male,Crew,No
20-29,Male,Crew,No
20-29,Male,Crew,No
20-29,Male,Crew,Yes
20-29,Male,Crew,No
20-29,Male,Crew,No
20-29,Male,Crew,No
20-29,Male,Crew,No
20-29,Male,Crew,No
20-29,Male,Crew,No
20-29,Male,Crew,No
20-29,Male,Crew,No
20-29,Male,Crew,No
20-29,Male,Crew,No
20-29,Male,Crew,No
20-29,Male,Crew,Yes
20-29,Male,Crew,No
20-29,Male,3rd,Yes
20-29,Male,3rd,No
20-29,Male,1st,No
20-29,Female,1st,Yes
20-29,Female,1st,Yes
20-29,Female,2nd,Yes
20-29,Male,3rd,Yes
20-29,Male,1st,Yes
20-29,Male,3rd,No
20-29,Female,1st,Yes
20-29,Male,2nd,No
20-29,Female,3rd,Yes
20-29,Male,3rd,No
20-29,Male,3rd,No
20-29,Female,3rd,Yes
20-29,Female,3rd,Yes
20-29,Female,3rd,No
20-29,Male,1st,No
20-29,Male,3rd,No
20-29,Male,1st,Yes
20-29,Male,2nd,No
20-29,Male,3rd,No
20-29,Male,1st,Yes
20-29,Male,3rd,No
20-29,Male,2nd,No
20-29,Male,3rd,Yes
20-29,Female,3rd,Yes
20-29,Male,3rd,No
20-29,Male,3rd,No
20-29,Male,3rd,No
20-29,Male,3rd,No
20-29,Male,2nd,No
20-29,Male,2nd,No
20-29,Male,3rd,No
20-29,Male,3rd,No
20-29,Male,3rd,No
20-29,Female,2nd,Yes
20-29,Female,2nd,Yes
20-29,Male,3rd,Yes
20-29,Male,1st,No
20-29,Male,Crew,No
20-29,Male,Crew,No
20-29,Male,Crew,No
20-29,Male,Crew,No
20-29,Male,Crew,No
20-29,Male,Crew,Yes
20-29,Male,Crew,No
20-29,Male,Crew,No
20-29,Male,Crew,Yes
20-29,Male,Crew,Yes
20-29,Male,Crew,No
20-29,Male,Crew,Yes
20-29,Male,Crew,No
20-29,Male,Crew,No
20-29,Male,Crew,Yes
20-29,Male,Crew,No
20-29,Male,Crew,No
20-29,Male,Crew,No
20-29,Male,Crew,No
20-29,Male,Crew,No
20-29,Male,Crew,No
20-29,Male,Crew,Yes
20-29,Male,Crew,No
20-29,Male,Crew,Yes
20-29,Male,Crew,No
20-29,Male,Crew,Yes
20-29,Male,Crew,No
20-29,Male,Crew,No
20-29,Male,Crew,No
20-29,Male,Crew,No
20-29,Male,Crew,No
20-29,Male,Crew,Yes
20-29,Male,Crew,No
20-29,Male,Crew,No
20-29,Male,Crew,Yes
20-29,Male,Crew,No
20-29,Male,Crew,No
20-29,Male,Crew,Yes
20-29,Male,Crew,No
20-29,Male,Crew,Yes
20-29,Male,Crew,No
20-29,Male,Crew,Yes
20-29,Female,2nd,Yes
20-29,Male,3rd,No
20-29,Male,3rd,No
20-29,Male,1st,No
20-29,Male,1st,No
20-29,Female,3rd,No
20-29,Male,3rd,No
20-29,Male,3rd,No
20-29,Female,3rd,Yes
20-29,Male,3rd,No
20-29,Female,3rd,Yes
20-29,Male,3rd,No
20-29,Male,2nd,No
20-29,Male,1st,Yes
20-29,Male,1st,No
20-29,Female,2nd,Yes
20-29,Male,3rd,No
20-29,Male,2nd,No
20-29,Female,2nd,Yes
20-29,Female,3rd,No
20-29,Female,2nd,Yes
20-29,Female,1st,Yes
20-29,Male,3rd,No
20-29,Male,3rd,No
20-29,Male,3rd,No
20-29,Female,3rd,No
20-29,Female,3rd,Yes
20-29,Male,3rd,No
20-29,Male,3rd,No
20-29,Male,3rd,No
20-29,Male,3rd,No
20-29,Male,3rd,No
20-29,Male,3rd,No
20-29,Male,3rd,No
20-29,Male,3rd,No
20-29,Female,3rd,No
20-29,Male,2nd,No
20-29,Male,1st,Yes
20-29,Male,3rd,No
20-29,Male,3rd,No
20-29,Male,3rd,No
20-29,Male,Crew,Yes
20-29,Male,Crew,No
20-29,Male,Crew,No
20-29,Male,Crew,No
20-29,Male,Crew,No
20-29,Male,Crew,No
20-29,Male,Crew,No
20-29,Male,Crew,No
20-29,Male,Crew,No
20-29,Male,Crew,No
20-29,Male,Crew,No
20-29,Male,Crew,No
20-29,Male,Crew,Yes
20-29,Male,Crew,No
20-29,Male,Crew,Yes
20-29,Male,Crew,No
20-29,Male,Crew,No
20-29,Male,Crew,No
20-29,Female,Crew,Yes
20-29,Male,Crew,No
20-29,Male,Crew,No
20-29,Male,Crew,No
20-29,Male,Crew,Yes
20-29,Male,Crew,Yes
20-29,Male,Crew,No
20-29,Male,Crew,Yes
20-29,Male,Crew,No
20-29,Male,Crew,No
20-29,Male,Crew,Yes
20-29,Male,1st,No
20-29,Male,Crew,No
20-29,Male,Crew,No
20-29,Male,Crew,No
20-29,Male,Crew,Yes
20-29,Male,Crew,No
20-29,Male,Crew,Yes
20-29,Male,Crew,No
20-29,Male,Crew,No
20-29,Male,Crew,Yes
20-29,Male,2nd,No
20-29,Male,3rd,No
20-29,Male,1st,Yes
20-29,Male,2nd,No
20-29,Male,1st,Yes
20-29,Male,2nd,Yes
20-29,Male,3rd,No
20-29,Male,3rd,Yes
20-29,Male,3rd,No
20-29,Female,3rd,Yes
20-29,Female,1st,Yes
20-29,Male,3rd,No
20-29,Male,3rd,No
20-29,Male,3rd,No
20-29,Male,2nd,No
20-29,Male,2nd,No
20-29,Female,2nd,Yes
20-29,Male,3rd,Yes
20-29,Male,3rd,Yes
20-29,Female,1st,Yes
20-29,Male,3rd,No
20-29,Male,3rd,No
20-29,Male,1st,No
20-29,Male,3rd,Yes
20-29,Male,3rd,No
20-29,Female,3rd,Yes
20-29,Male,3rd,Yes
20-29,Female,3rd,No
20-29,Female,2nd,Yes
20-29,Female,3rd,No
20-29,Male,1st,No
20-29,Male,3rd,No
20-29,Female,2nd,Yes
20-29,Male,3rd,No
20-29,Male,3rd,No
20-29,Male,3rd,Yes
20-29,Male,2nd,No
20-29,Female,3rd,No
20-29,Male,2nd,No
20-29,Female,2nd,Yes
20-29,Male,3rd,No
20-29,Male,Crew,No
20-29,Male,Crew,No
20-29,Male,Crew,No
20-29,Male,Crew,Yes
20-29,Male,Crew,Yes
20-29,Male,Crew,No
20-29,Male,Crew,Yes
20-29,Male,Crew,No
20-29,Male,Crew,No
20-29,Male,Crew,No
20-29,Male,Crew,No
20-29,Male,Crew,No
20-29,Male,Crew,Yes
20-29,Male,Crew,Yes
20-29,Male,Crew,Yes
20-29,Male,Crew,No
20-29,Male,Crew,No
20-29,Male,Crew,No
20-29,Male,Crew,Yes
20-29,Male,Crew,No
20-29,Male,Crew,No
20-29,Male,Crew,No
30-39,Male,Crew,No
30-39,Male,Crew,Yes
30-39,Male,Crew,Yes
30-39,Male,Crew,Yes
30-39,Male,Crew,Yes
30-39,Male,2nd,No
30-39,Male,3rd,No
30-39,Female,2nd,Yes
30-39,Male,3rd,Yes
30-39,Male,1st,No
30-39,Male,3rd,No
30-39,Male,3rd,No
30-39,Male,1st,Yes
30-39,Male,2nd,Yes
30-39,Male,3rd,No
30-39,Male,3rd,No
30-39,Female,3rd,No
30-39,Male,3rd,No
30-39,Female,2nd,Yes
30-39,Male,3rd,No
30-39,Male,1st,No
30-39,Female,1st,Yes
30-39,Male,2nd,No
30-39,Female,2nd,No
30-39,Female,1st,Yes
30-39,Female,2nd,Yes
30-39,Female,2nd,No
30-39,Male,3rd,No
30-39,Male,3rd,Yes
30-39,Male,3rd,No
30-39,Male,1st,No
30-39,Male,3rd,No
30-39,Male,2nd,No
30-39,Male,3rd,No
30-39,Male,3rd,No
30-39,Female,3rd,No
30-39,Male,1st,No
30-39,Male,1st,No
30-39,Female,3rd,No
30-39,Female,2nd,Yes
30-39,Female,1st,Yes
30-39,Female,2nd,Yes
30-39,Male,3rd,No
30-39,Male,3rd,Yes
30-39,Female,3rd,No
30-39,Female,2nd,Yes
30-39,Male,Crew,No
30-39,Male,Crew,No
30-39,Male,Crew,No
30-39,Male,Crew,No
30-39,Male,Crew,No
30-39,Male,Crew,No
30-39,Male,Crew,No
30-39,Male,Crew,No
30-39,Male,Crew,No
30-39,Male,Crew,Yes
30-39,Male,Crew,No
30-39,Male,Crew,No
30-39,Male,Crew,No
30-39,Male,Crew,No
30-39,Male,Crew,No
30-39,Male,Crew,No
30-39,Male,Crew,No
30-39,Male,Crew,No
30-39,Male,Crew,No
30-39,Male,Crew,No
30-39,Male,Crew,No
30-39,Male,Crew,Yes
30-39,Male,Crew,No
30-39,Male,Crew,No
30-39,Male,Crew,Yes
30-39,Male,Crew,No
30-39,Male,Crew,No
30-39,Male,Crew,No
30-39,Male,Crew,Yes
30-39,Male,Crew,Yes
30-39,Male,Crew,Yes
30-39,Male,Crew,Yes
30-39,Male,Crew,No
30-39,Male,Crew,No
30-39,Male,Crew,No
30-39,Female,Crew,Yes
30-39,Male,Crew,No
30-39,Male,Crew,No
30-39,Male,Crew,No
30-39,Male,Crew,No
30-39,Male,Crew,Yes
30-39,Male,Crew,No
30-39,Male,Crew,Yes
30-39,Male,Crew,Yes
30-39,Male,Crew,No
30-39,Male,Crew,No
30-39,Male,Crew,Yes
30-39,Male,Crew,No
30-39,Male,Crew,No
30-39,Female,1st,Yes
30-39,Male,1st,No
30-39,Female,1st,Yes
30-39,Female,1st,Yes
30-39,Male,1st,Yes
30-39,Male,3rd,No
30-39,Male,2nd,No
30-39,Female,3rd,Yes
30-39,Male,3rd,No
30-39,Female,3rd,Yes
30-39,Male,2nd,No
30-39,Female,1st,Yes
30-39,Male,2nd,No
30-39,Male,1st,Yes
30-39,Female,3rd,Yes
30-39,Male,2nd,No
30-39,Male,2nd,No
30-39,Female,3rd,Yes
30-39,Male,2nd,No
30-39,Male,3rd,Yes
30-39,Male,3rd,No
30-39,Male,2nd,No
30-39,Female,2nd,Yes
30-39,Male,3rd,No
30-39,Male,2nd,No
30-39,Male,2nd,No
30-39,Female,3rd,No
30-39,Female,3rd,Yes
30-39,Male,3rd,No
30-39,Male,1st,No
30-39,Male,3rd,No
30-39,Male,3rd,No
30-39,Female,3rd,No
30-39,Male,3rd,No
30-39,Male,2nd,Yes
30-39,Female,1st,Yes
30-39,Male,Crew,No
30-39,Male,Crew,No
30-39,Male,Crew,No
30-39,Male,Crew,No
30-39,Female,Crew,Yes
30-39,Male,Crew,No
30-39,Male,Crew,No
30-39,Male,Crew,No
30-39,Male,Crew,No
30-39,Male,Crew,Yes
30-39,Male,Crew,No
30-39,Male,Crew,No
30-39,Male,Crew,No
30-39,Male,Crew,No
30-39,Male,Crew,Yes
30-39,Male,Crew,No
30-39,Male,Crew,No
30-39,Male,Crew,No
30-39,Male,Crew,No
30-39,Male,Crew,No
30-39,Male,Crew,No
30-39,Male,Crew,No
30-39,Male,Crew,No
30-39,Male,Crew,No
30-39,Male,Crew,No
30-39,Male,Crew,Yes
30-39,Male,Crew,Yes
30-39,Male,Crew,No
30-39,Male,Crew,No
30-39,Male,Crew,No
30-39,Male,Crew,No
30-39,Male,Crew,Yes
30-39,Male,Crew,No
30-39,Male,Crew,No
30-39,Male,Crew,No
30-39,Male,Crew,No
30-39,Male,Crew,No
30-39,Male,Crew,Yes
30-39,Male,Crew,No
30-39,Female,1st,Yes
30-39,Female,3rd,No
30-39,Female,3rd,No
30-39,Female,3rd,No
30-39,Male,3rd,No
30-39,Male,3rd,No
30-39,Male,2nd,Yes
30-39,Male,3rd,Yes
30-39,Female,1st,Yes
30-39,Male,3rd,Yes
30-39,Female,2nd,No
30-39,Male,3rd,No
30-39,Female,3rd,Yes
30-39,Male,3rd,Yes
30-39,Male,3rd,No
30-39,Male,3rd,No
30-39,Male,2nd,No
30-39,Male,3rd,Yes
30-39,Male,3rd,Yes
30-39,Male,3rd,Yes
30-39,Male,3rd,No
30-39,Male,3rd,Yes
30-39,Male,2nd,No
30-39,Male,2nd,No
30-39,Female,3rd,No
30-39,Male,3rd,No
30-39,Male,3rd,No
30-39,Female,2nd,Yes
30-39,Male,1st,Yes
30-39,Female,3rd,Yes
30-39,Male,3rd,No
30-39,Female,2nd,Yes
30-39,Male,2nd,No
30-39,Male,Crew,No
30-39,Male,Crew,No
30-39,Male,Crew,No
30-39,Male,Crew,Yes
30-39,Male,Crew,No
30-39,Male,Crew,No
30-39,Male,Crew,No
30-39,Male,Crew,No
30-39,Male,Crew,Yes
30-39,Male,Crew,Yes
30-39,Male,Crew,No
30-39,Male,Crew,Yes
30-39,Male,Crew,No
30-39,Male,Crew,No
30-39,Male,Crew,No
30-39,Male,Crew,No
30-39,Male,Crew,No
30-39,Male,Crew,Yes
30-39,Male,Crew,No
30-39,Male,Crew,No
30-39,Male,Crew,No
30-39,Male,Crew,No
30-39,Male,Crew,Yes
30-39,Male,Crew,Yes
30-39,Male,Crew,No
30-39,Male,Crew,No
30-39,Male,Crew,No
30-39,Male,Crew,No
30-39,Male,Crew,No
30-39,Male,Crew,Yes
30-39,Male,Crew,No
30-39,Male,3rd,No
30-39,Male,3rd,No
30-39,Male,3rd,No
30-39,Male,1st,Yes
30-39,Male,3rd,No
30-39,Female,1st,Yes
30-39,Female,3rd,Yes
30-39,Female,3rd,Yes
30-39,Female,1st,Yes
30-39,Male,3rd,No
30-39,Female,3rd,Yes
30-39,Male,1st,No
30-39,Male,2nd,No
30-39,Male,3rd,No
30-39,Male,2nd,No
30-39,Female,1st,Yes
30-39,Male,3rd,No
30-39,Male,3rd,No
30-39,Male,3rd,No
30-39,Male,1st,No
30-39,Female,1st,Yes
30-39,Male,3rd,Yes
30-39,Female,2nd,Yes
30-39,Male,2nd,No
30-39,Female,1st,Yes
30-39,Female,2nd,Yes
30-39,Male,Crew,No
30-39,Male,Crew,Yes
30-39,Male,Crew,No
30-39,Female,Crew,Yes
30-39,Female,Crew,Yes
30-39,Male,Crew,Yes
30-39,Male,Crew,Yes
30-39,Male,Crew,No
30-39,Male,Crew,No
30-39,Male,Crew,No
30-39,Male,Crew,Yes
30-39,Male,Crew,No
30-39,Male,Crew,No
30-39,Male,Crew,No
30-39,Male,Crew,No
30-39,Male,Crew,No
30-39,Male,Crew,Yes
30-39,Male,Crew,No
30-39,Male,Crew,No
30-39,Male,Crew,No
30-39,Male,Crew,Yes
30-39,Male,Crew,No
30-39,Male,Crew,No
30-39,Male,Crew,Yes
30-39,Male,Crew,Yes
30-39,Male,Crew,No
30-39,Male,Crew,No
30-39,Male,Crew,No
30-39,Male,Crew,No
30-39,Male,Crew,No
30-39,Male,Crew,No
30-39,Male,Crew,No
30-39,Male,Crew,Yes
30-39,Male,Crew,No
30-39,Male,Crew,No
30-39,Male,Crew,Yes
30-39,Male,Crew,No
30-39,Male,Crew,No
30-39,Male,3rd,No
30-39,Male,2nd,Yes
30-39,Male,3rd,No
30-39,Female,3rd,Yes
30-39,Female,2nd,Yes
30-39,Female,2nd,Yes
30-39,Male,2nd,No
30-39,Male,3rd,No
30-39,Male,2nd,No
30-39,Female,2nd,No
30-39,Female,3rd,No
30-39,Male,3rd,No
30-39,Male,3rd,No
30-39,Male,1st,Yes
30-39,Male,3rd,No
30-39,Male,Crew,No
30-39,Male,Crew,No
30-39,Male,Crew,No
30-39,Male,Crew,No
30-39,Male,Crew,No
30-39,Male,Crew,No
30-39,Male,Crew,No
30-39,Male,Crew,Yes
30-39,Male,Crew,No
30-39,Male,Crew,No
30-39,Male,Crew,Yes
30-39,Male,Crew,No
30-39,Male,Crew,No
30-39,Male,Crew,No
30-39,Male,Crew,No
30-39,Male,Crew,No
30-39,Male,Crew,No
30-39,Male,Crew,No
30-39,Male,Crew,No
30-39,Male,Crew,No
30-39,Male,Crew,Yes
30-39,Male,Crew,No
30-39,Male,Crew,No
30-39,Female,1st,Yes
30-39,Male,3rd,No
30-39,Male,3rd,No
30-39,Male,1st,Yes
30-39,Female,3rd,Yes
30-39,Female,1st,Yes
30-39,Male,2nd,No
30-39,Male,2nd,No
30-39,Male,3rd,No
30-39,Female,2nd,Yes
30-39,Female,2nd,Yes
30-39,Male,3rd,No
30-39,Female,1st,Yes
30-39,Female,1st,Yes
30-39,Female,1st,Yes
30-39,Female,1st,Yes
30-39,Male,3rd,No
30-39,Male,2nd,No
30-39,Male,3rd,No
30-39,Male,1st,Yes
30-39,Male,3rd,No
30-39,Male,3rd,No
30-39,Male,1st,Yes
30-39,Male,2nd,No
30-39,Male,3rd,No
30-39,Male,3rd,No
30-39,Male,3rd,No
30-39,Male,Crew,No
30-39,Male,Crew,Yes
30-39,Male,Crew,No
30-39,Male,Crew,No
30-39,Male,Crew,No
30-39,Male,Crew,No
30-39,Male,Crew,No
30-39,Male,Crew,No
30-39,Male,Crew,No
30-39,Male,Crew,No
30-39,Male,Crew,No
30-39,Male,Crew,Yes
30-39,Male,Crew,No
30-39,Male,Crew,No
30-39,Male,Crew,No
30-39,Male,Crew,No
30-39,Male,Crew,No
30-39,Male,Crew,No
30-39,Male,Crew,No
30-39,Male,Crew,No
30-39,Male,Crew,No
30-39,Male,Crew,No
30-39,Male,Crew,No
30-39,Male,Crew,No
30-39,Male,Crew,No
30-39,Male,Crew,No
30-39,Male,Crew,No
30-39,Male,Crew,No
30-39,Male,Crew,No
30-39,Male,Crew,No
30-39,Male,Crew,No
30-39,Male,Crew,No
30-39,Male,Crew,No
30-39,Male,1st,Yes
30-39,Female,1st,Yes
30-39,Female,1st,Yes
30-39,Female,1st,No
30-39,Male,1st,No
30-39,Male,1st,No
30-39,Female,1st,Yes
30-39,Female,2nd,Yes
30-39,Female,2nd,Yes
30-39,Male,1st,No
30-39,Female,2nd,Yes
30-39,Female,3rd,No
30-39,Male,1st,Yes
30-39,Female,1st,Yes
30-39,Male,1st,No
30-39,Female,3rd,Yes
30-39,Female,1st,Yes
30-39,Male,3rd,Yes
30-39,Female,3rd,Yes
30-39,Male,1st,Yes
30-39,Male,2nd,No
30-39,Male,2nd,No
30-39,Female,3rd,No
30-39,Female,3rd,No
30-39,Male,3rd,No
30-39,Male,2nd,No
30-39,Male,3rd,No
30-39,Male,2nd,No
30-39,Male,3rd,No
30-39,Male,2nd,No
30-39,Male,1st,No
30-39,Male,3rd,No
30-39,Male,3rd,No
30-39,Male,3rd,No
30-39,Male,3rd,No
30-39,Female,2nd,Yes
30-39,Male,2nd,No
30-39,Male,3rd,No
30-39,Male,Crew,No
30-39,Male,Crew,No
30-39,Male,Crew,Yes
30-39,Male,Crew,Yes
30-39,Male,Crew,No
30-39,Male,Crew,No
30-39,Male,Crew,No
30-39,Male,Crew,No
30-39,Male,Crew,No
30-39,Male,Crew,Yes
30-39,Male,Crew,Yes
30-39,Male,Crew,No
30-39,Female,Crew,Yes
30-39,Male,Crew,No
30-39,Male,Crew,Yes
30-39,Male,Crew,Yes
30-39,Male,Crew,No
30-39,Female,Crew,No
30-39,Male,Crew,No
30-39,Male,Crew,No
30-39,Male,Crew,Yes
30-39,Male,Crew,No
30-39,Male,Crew,No
30-39,Male,Crew,Yes
30-39,Male,Crew,Yes
30-39,Male,Crew,No
30-39,Male,Crew,No
30-39,Male,1st,No
30-39,Male,1st,No
30-39,Female,1st,Yes
30-39,Female,1st,Yes
30-39,Male,3rd,No
30-39,Male,3rd,No
30-39,Female,1st,Yes
30-39,Male,1st,Yes
30-39,Male,1st,Yes
30-39,Male,2nd,No
30-39,Male,1st,No
30-39,Male,3rd,No
30-39,Male,3rd,No
30-39,Male,1st,No
30-39,Male,1st,No
30-39,Male,2nd,No
30-39,Male,3rd,No
30-39,Male,1st,No
30-39,Male,3rd,No
30-39,Male,2nd,No
30-39,Female,2nd,Yes
30-39,Male,Crew,No
30-39,Male,Crew,No
30-39,Male,Crew,No
30-39,Male,Crew,No
30-39,Male,Crew,No
30-39,Male,Crew,No
30-39,Male,Crew,No
30-39,Male,Crew,No
30-39,Male,Crew,No
30-39,Male,Crew,No
30-39,Male,Crew,No
30-39,Male,Crew,No
30-39,Male,Crew,No
30-39,Male,Crew,No
30-39,Male,Crew,No
30-39,Male,Crew,No
30-39,Male,Crew,No
30-39,Male,Crew,Yes
30-39,Male,Crew,No
30-39,Male,Crew,Yes
30-39,Male,Crew,No
30-39,Male,Crew,No
30-39,Male,2nd,No
30-39,Male,Crew,Yes
30-39,Male,Crew,No
30-39,Male,Crew,No
30-39,Male,Crew,No
30-39,Male,Crew,Yes
30-39,Male,Crew,No
30-39,Female,3rd,Yes
30-39,Female,3rd,No
30-39,Female,3rd,Yes
30-39,Male,3rd,No
30-39,Female,1st,Yes
30-39,Male,2nd,No
30-39,Female,2nd,No
30-39,Male,1st,No
30-39,Male,1st,Yes
30-39,Female,3rd,No
30-39,Male,3rd,Yes
30-39,Male,2nd,No
30-39,Male,2nd,No
30-39,Male,3rd,No
30-39,Female,2nd,Yes
30-39,Male,Crew,No
30-39,Male,Crew,No
30-39,Male,Crew,No
30-39,Male,Crew,Yes
30-39,Male,Crew,No
30-39,Male,Crew,No
30-39,Male,Crew,Yes
30-39,Male,Crew,No
30-39,Male,Crew,No
30-39,Male,Crew,No
30-39,Male,Crew,No
30-39,Male,Crew,Yes
30-39,Male,Crew,No
30-39,Male,Crew,No
30-39,Male,Crew,Yes
30-39,Male,Crew,No
30-39,Male,Crew,No
30-39,Male,Crew,No
30-39,Male,Crew,Yes
30-39,Male,Crew,No
30-39,Male,1st,No
30-39,Male,Crew,Yes
30-39,Male,Crew,No
30-39,Male,Crew,No
30-39,Male,Crew,No
30-39,Male,Crew,No
30-39,Male,Crew,No
30-39,Male,Crew,No
30-39,Male,Crew,No
30-39,Male,Crew,No
30-39,Female,1st,Yes
30-39,Male,1st,Yes
30-39,Female,1st,Yes
30-39,Male,1st,No
30-39,Male,1st,No
30-39,Male,3rd,No
30-39,Female,1st,Yes
30-39,Male,3rd,Yes
30-39,Female,1st,Yes
30-39,Male,2nd,No
30-39,Female,1st,Yes
30-39,Female,1st,Yes
30-39,Female,1st,Yes
30-39,Male,1st,No
30-39,Female,3rd,No
30-39,Female,3rd,Yes
30-39,Male,3rd,No
30-39,Male,3rd,No
30-39,Female,3rd,No
30-39,Female,2nd,Yes
30-39,Female,2nd,Yes
30-39,Female,1st,Yes
30-39,Male,1st,No
30-39,Female,2nd,Yes
30-39,Male,2nd,No
30-39,Female,1st,Yes
30-39,Female,2nd,Yes
30-39,Male,1st,No
30-39,Female,1st,Yes
30-39,Male,Crew,No
30-39,Male,Crew,No
30-39,Male,Crew,No
30-39,Male,Crew,No
30-39,Male,Crew,No
30-39,Male,Crew,Yes
30-39,Male,Crew,Yes
30-39,Male,Crew,No
30-39,Male,Crew,No
30-39,Female,Crew,Yes
30-39,Male,Crew,No
30-39,Male,Crew,No
30-39,Male,Crew,No
30-39,Male,Crew,Yes
30-39,Male,Crew,No
30-39,Male,Crew,No
30-39,Male,Crew,No
30-39,Male,Crew,No
30-39,Male,Crew,No
40-49,Male,Crew,No
40-49,Male,Crew,No
40-49,Male,Crew,No
40-49,Male,Crew,No
40-49,Male,Crew,Yes
40-49,Male,Crew,Yes
40-49,Male,Crew,No
40-49,Male,3rd,No
40-49,Female,3rd,No
40-49,Male,3rd,No
40-49,Female,3rd,No
40-49,Male,3rd,No
40-49,Female,3rd,No
40-49,Male,3rd,No
40-49,Male,2nd,No
40-49,Male,3rd,No
40-49,Male,1st,No
40-49,Male,1st,Yes
40-49,Female,1st,Yes
40-49,Female,3rd,No
40-49,Male,1st,No
40-49,Female,1st,Yes
40-49,Male,3rd,No
40-49,Male,3rd,No
40-49,Male,3rd,No
40-49,Male,2nd,No
40-49,Male,2nd,No
40-49,Female,2nd,Yes
40-49,Male,Crew,No
40-49,Male,Crew,No
40-49,Male,Crew,No
40-49,Male,Crew,No
40-49,Male,Crew,Yes
40-49,Male,Crew,No
40-49,Male,Crew,No
40-49,Male,Crew,Yes
40-49,Male,Crew,No
40-49,Male,Crew,No
40-49,Male,Crew,Yes
40-49,Female,Crew,Yes
40-49,Male,Crew,No
40-49,Male,Crew,No
40-49,Male,Crew,No
40-49,Male,Crew,No
40-49,Male,Crew,Yes
40-49,Male,Crew,No
40-49,Male,Crew,No
40-49,Male,Crew,No
40-49,Male,Crew,No
40-49,Male,Crew,Yes
40-49,Female,1st,Yes
40-49,Female,3rd,No
40-49,Male,3rd,No
40-49,Male,3rd,No
40-49,Male,1st,No
40-49,Male,1st,No
40-49,Male,3rd,Yes
40-49,Male,3rd,No
40-49,Male,3rd,No
40-49,Male,3rd,No
40-49,Male,2nd,Yes
40-49,Male,1st,No
40-49,Male,1st,No
40-49,Male,3rd,No
40-49,Female,3rd,No
40-49,Male,2nd,No
40-49,Female,3rd,No
40-49,Male,3rd,No
40-49,Male,Crew,No
40-49,Male,Crew,No
40-49,Male,Crew,No
40-49,Male,Crew,No
40-49,Male,Crew,Yes
40-49,Male,Crew,Yes
40-49,Female,Crew,Yes
40-49,Male,Crew,No
40-49,Male,Crew,No
40-49,Male,Crew,No
40-49,Male,Crew,Yes
40-49,Male,Crew,No
40-49,Male,2nd,No
40-49,Male,Crew,No
40-49,Male,Crew,Yes
40-49,Female,1st,Yes
40-49,Male,2nd,No
40-49,Male,3rd,No
40-49,Female,3rd,No
40-49,Male,1st,Yes
40-49,Male,2nd,No
40-49,Male,2nd,No
40-49,Male,1st,Yes
40-49,Male,3rd,No
40-49,Male,2nd,No
40-49,Female,1st,Yes
40-49,Male,3rd,No
40-49,Male,1st,No
40-49,Male,1st,No
40-49,Male,3rd,No
40-49,Male,2nd,No
40-49,Male,1st,Yes
40-49,Male,1st,No
40-49,Female,2nd,Yes
40-49,Female,2nd,Yes
40-49,Male,3rd,No
40-49,Male,3rd,No
40-49,Male,3rd,No
40-49,Male,Crew,Yes
40-49,Male,Crew,No
40-49,Male,Crew,Yes
40-49,Male,Crew,No
40-49,Female,Crew,Yes
40-49,Male,Crew,No
40-49,Male,Crew,No
40-49,Male,Crew,No
40-49,Male,Crew,No
40-49,Male,Crew,No
40-49,Male,Crew,No
40-49,Male,Crew,No
40-49,Female,Crew,No
40-49,Male,Crew,No
40-49,Male,1st,No
40-49,Male,Crew,No
40-49,Male,Crew,Yes
40-49,Male,Crew,Yes
40-49,Male,Crew,Yes
40-49,Male,Crew,No
40-49,Male,Crew,Yes
40-49,Male,Crew,No
40-49,Male,1st,Yes
40-49,Male,1st,No
40-49,Female,1st,Yes
40-49,Male,2nd,No
40-49,Male,3rd,No
40-49,Male,3rd,No
40-49,Male,3rd,No
40-49,Female,3rd,No
40-49,Male,3rd,No
40-49,Male,2nd,No
40-49,Female,1st,Yes
40-49,Male,3rd,No
40-49,Male,1st,Yes
40-49,Female,3rd,No
40-49,Male,1st,No
40-49,Male,Crew,No
40-49,Male,Crew,No
40-49,Male,Crew,No
40-49,Male,Crew,No
40-49,Male,Crew,No
40-49,Male,Crew,No
40-49,Male,Crew,No
40-49,Male,Crew,No
40-49,Male,Crew,No
40-49,Male,Crew,No
40-49,Male,Crew,No
40-49,Male,Crew,No
40-49,Male,Crew,No
40-49,Female,1st,Yes
40-49,Female,1st,Yes
40-49,Male,3rd,No
40-49,Male,1st,No
40-49,Male,1st,No
40-49,Male,2nd,No
40-49,Male,3rd,No
40-49,Male,3rd,No
40-49,Male,3rd,No
40-49,Female,3rd,No
40-49,Male,Crew,No
40-49,Male,Crew,No
40-49,Male,Crew,No
40-49,Male,Crew,No
40-49,Male,Crew,No
40-49,Male,Crew,No
40-49,Male,Crew,No
40-49,Male,Crew,Yes
40-49,Male,Crew,No
40-49,Male,Crew,No
40-49,Female,Crew,Yes
40-49,Male,Crew,Yes
40-49,Male,Crew,No
40-49,Male,Crew,No
40-49,Male,Crew,No
40-49,Male,Crew,No
40-49,Male,Crew,No
40-49,Male,Crew,No
40-49,Male,3rd,No
40-49,Female,3rd,No
40-49,Female,1st,Yes
40-49,Male,1st,No
40-49,Male,1st,Yes
40-49,Female,1st,Yes
40-49,Female,1st,Yes
40-49,Male,2nd,No
40-49,Female,3rd,Yes
40-49,Male,1st,No
40-49,Male,1st,No
40-49,Male,1st,Yes
40-49,Male,3rd,No
40-49,Female,3rd,No
40-49,Male,1st,No
40-49,Female,2nd,No
40-49,Male,3rd,Yes
40-49,Male,3rd,No
40-49,Female,3rd,Yes
40-49,Male,2nd,No
40-49,Male,1st,No
40-49,Male,2nd,No
40-49,Male,1st,No
40-49,Male,1st,Yes
40-49,Female,1st,Yes
40-49,Female,3rd,No
40-49,Male,1st,Yes
40-49,Male,3rd,Yes
40-49,Female,1st,Yes
40-49,Male,1st,Yes
40-49,Female,Crew,Yes
40-49,Male,Crew,No
40-49,Male,Crew,No
40-49,Female,Crew,Yes
40-49,Female,Crew,Yes
40-49,Male,Crew,No
40-49,Male,Crew,No
40-49,Male,Crew,Yes
40-49,Female,Crew,Yes
40-49,Male,Crew,No
40-49,Male,Crew,No
40-49,Male,Crew,Yes
40-49,Male,Crew,No
40-49,Male,Crew,No
40-49,Female,1st,Yes
40-49,Female,1st,Yes
40-49,Male,1st,No
40-49,Male,1st,No
40-49,Female,2nd,Yes
40-49,Female,1st,Yes
40-49,Male,1st,No
40-49,Male,1st,No
40-49,Male,3rd,No
40-49,Male,2nd,No
40-49,Male,2nd,No
40-49,Male,1st,No
40-49,Male,1st,No
40-49,Male,2nd,No
40-49,Male,1st,No
40-49,Female,1st,Yes
40-49,Male,3rd,No
40-49,Male,2nd,No
40-49,Male,Crew,No
40-49,Male,Crew,Yes
40-49,Male,Crew,No
40-49,Male,Crew,No
40-49,Male,Crew,Yes
40-49,Male,Crew,No
40-49,Male,Crew,Yes
40-49,Male,Crew,No
40-49,Male,1st,No
40-49,Male,1st,Yes
40-49,Male,2nd,No
40-49,Male,1st,Yes
40-49,Female,1st,Yes
40-49,Male,1st,No
40-49,Male,2nd,No
40-49,Male,1st,No
40-49,Male,1st,Yes
40-49,Female,3rd,Yes
40-49,Male,Crew,No
40-49,Male,Crew,No
40-49,Male,Crew,No
40-49,Male,Crew,No
40-49,Female,Crew,Yes
40-49,Male,Crew,No
40-49,Female,Crew,Yes
40-49,Male,Crew,Yes
40-49,Male,Crew,No
40-49,Male,Crew,No
40-49,Male,1st,No
40-49,Male,1st,No
40-49,Female,1st,Yes
40-49,Female,1st,Yes
40-49,Female,1st,Yes
40-49,Female,1st,Yes
40-49,Male,1st,Yes
40-49,Female,1st,Yes
40-49,Female,1st,Yes
40-49,Male,3rd,No
40-49,Female,1st,Yes
40-49,Female,2nd,Yes
40-49,Male,3rd,No
40-49,Male,1st,No
40-49,Female,2nd,Yes
40-49,Male,3rd,No
40-49,Female,2nd,Yes
40-49,Male,3rd,No
40-49,Male,2nd,No
40-49,Female,3rd,No
40-49,Male,1st,Yes
40-49,Male,1st,No
40-49,Male,Crew,No
40-49,Male,Crew,No
40-49,Male,Crew,No
40-49,Male,Crew,No
40-49,Male,Crew,No
40-49,Male,Crew,Yes
40-49,Male,Crew,No
40-49,Male,1st,Yes
40-49,Female,1st,Yes
40-49,Male,1st,No
40-49,Male,1st,No
40-49,Male,1st,Yes
40-49,Male,1st,Yes
40-49,Male,3rd,No
40-49,Female,1st,Yes
40-49,Male,3rd,No
40-49,Female,2nd,Yes
40-49,Female,1st,Yes
40-49,Male,Crew,No
40-49,Male,Crew,No
40-49,Male,Crew,No
40-49,Male,Crew,No
40-49,Male,Crew,No
40-49,Male,Crew,No
50+,Male,Crew,No
50+,Male,Crew,No
50+,Female,1st,Yes
50+,Male,1st,No
50+,Female,1st,No
50+,Female,1st,Yes
50+,Male,2nd,No
50+,Female,2nd,Yes
50+,Male,2nd,No
50+,Male,1st,No
50+,Male,2nd,No
50+,Male,3rd,No
50+,Male,3rd,No
50+,Female,2nd,Yes
50+,Male,1st,No
50+,Female,1st,Yes
50+,Male,Crew,No
50+,Male,Crew,No
50+,Female,Crew,Yes
50+,Male,Crew,No
50+,Male,Crew,No
50+,Female,1st,Yes
50+,Male,1st,No
50+,Male,1st,No
50+,Male,2nd,No
50+,Male,1st,Yes
50+,Male,2nd,No
50+,Male,3rd,No
50+,Male,Crew,No
50+,Male,Crew,Yes
50+,Male,Crew,No
50+,Male,Crew,Yes
50+,Female,1st,Yes
50+,Female,1st,Yes
50+,Male,2nd,No
50+,Female,2nd,Yes
50+,Male,1st,Yes
50+,Female,1st,Yes
50+,Male,1st,Yes
50+,Male,Crew,Yes
50+,Male,Crew,No
50+,Male,Crew,Yes
50+,Male,Crew,Yes
50+,Male,Crew,No
50+,Male,Crew,No
50+,Female,1st,Yes
50+,Male,1st,Yes
50+,Male,3rd,No
50+,Male,Crew,No
50+,Male,Crew,No
50+,Female,1st,Yes
50+,Female,1st,Yes
50+,Male,1st,Yes
50+,Male,2nd,No
50+,Female,3rd,No
50+,Female,2nd,Yes
50+,Male,1st,No
50+,Male,2nd,No
50+,Male,1st,No
50+,Male,1st,No
50+,Male,Crew,No
50+,Male,Crew,No
50+,Male,Crew,No
50+,Male,Crew,No
50+,Male,Crew,No
50+,Female,1st,Yes
50+,Female,1st,Yes
50+,Female,1st,Yes
50+,Male,2nd,No
50+,Male,1st,No
50+,Male,1st,No
50+,Male,1st,No
50+,Male,3rd,No
50+,Male,3rd,No
50+,Male,Crew,No
50+,Male,Crew,No
50+,Female,1st,Yes
50+,Male,1st,No
50+,Female,2nd,Yes
50+,Male,1st,Yes
50+,Male,1st,No
50+,Male,Crew,No
50+,Male,1st,No
50+,Male,2nd,No
50+,Female,2nd,No
50+,Male,1st,No
50+,Male,1st,No
50+,Male,Crew,Yes
50+,Female,1st,Yes
50+,Female,1st,Yes
50+,Male,1st,No
50+,Male,1st,No
50+,Male,3rd,No
50+,Male,1st,No
50+,Female,1st,Yes
50+,Female,2nd,Yes
50+,Male,Crew,No
50+,Female,1st,Yes
50+,Female,1st,Yes
50+,Male,1st,No
50+,Female,2nd,Yes
50+,Male,1st,No
50+,Male,2nd,No
50+,Male,3rd,No
50+,Male,Crew,No
50+,Male,Crew,No
50+,Male,Crew,No
50+,Male,Crew,No
50+,Male,1st,Yes
50+,Female,1st,Yes
50+,Male,2nd,No
50+,Female,1st,Yes
50+,Male,3rd,No
50+,Male,1st,No
50+,Male,1st,No
50+,Male,2nd,No
50+,Female,1st,Yes
50+,Female,2nd,No
50+,Female,1st,Yes
50+,Male,1st,No
50+,Male,1st,No
50+,Female,1st,Yes
50+,Male,2nd,Yes
50+,Female,3rd,No
50+,Male,1st,No
50+,Male,1st,No
50+,Male,Crew,No
50+,Male,Crew,No
50+,Male,1st,No
50+,Male,2nd,No
50+,Male,2nd,No
50+,Female,3rd,No
50+,Female,1st,No
50+,Female,1st,Yes
50+,Male,1st,No
50+,Female,1st,Yes
50+,Male,1st,No
50+,Male,1st,No
50+,Female,3rd,No
50+,Female,3rd,Yes
50+,Male,1st,No
50+,Male,3rd,No
50+,Male,2nd,No
50+,Male,3rd,No
50+,Male,3rd,No
50+,Male,1st,No
50+,Male,3rd,No
50+,Male,1st,No
50+,Male,1st,No
50+,Male,1st,No
50+,Male,2nd,No
50+,Male,2nd,No
50+,Male,3rd,No